time,px,py,pz,vx,vy,vz,ax,ay,az,jx,jy,jz,px_ref,py_ref,pz_ref
0.0,-0.009955950481661152,7.9528204136104845,19.989345577579613,-0.14933925722491728,-0.7076937958427355,-0.15981633630582634,-1.4933925722491725,-7.076937958427354,-1.598163363058263,-7.466962861245863,-35.38468979213677,-7.990816815291315,-0.0,-0.0,20.0
0.2,-0.06695859046532196,7.6845815710856415,19.928295811903112,-0.40702182808016013,-1.9005012503444356,-0.4362974762300116,-1.0834331363032563,-4.8511365865896465,-1.166648036183589,2.0497971797295813,11.12900685918854,2.15757663437337,-0.09998720027306435,-0.0015999317342071417,19.9
0.4,-0.16784077505742542,7.219065694974343,19.820006424284575,-0.5908457990909061,-2.69662198232164,-0.6350810581997,-0.7548065738042025,-3.1100707331823965,-0.821187783513295,1.6431328124952693,8.70532926703625,1.7273012633514695,-0.1998976087378351,-0.006398907789256024,19.8
0.6000000000000001,-0.2993728417789409,6.6264653624337635,19.678385424452507,-0.7158087452604993,-3.1847539501471687,-0.7720341027302519,-0.49482288789173035,-1.7712489450728872,-0.5483426617922236,1.2999184295623605,6.694108940547546,1.3642256086053575,-0.2996544663501042,-0.014394471036974981,19.7
0.8,-0.45108016648959653,5.9608131433024205,19.5144263280418,-0.7945100913496635,-3.438150492168526,-0.8604839745208556,-0.29219057299991225,-0.7627164751406896,-0.33615605611381294,1.0131615744590905,5.042662349660988,1.060933028392053,-0.39918107958209204,-0.025582527312123717,19.6
1.0,-0.6147912959864578,5.262864237713643,19.336686645482526,-0.8374277024535999,-3.5166609519805347,-0.9115116837359909,-0.13698553803945102,-0.022388122979396297,-0.1741210360375406,0.776025174802306,3.7016417608064667,0.8101751003813616,-0.4984008531513097,-0.03995734698458635,19.5
1.2000000000000002,-0.784240536212235,4.562585218934508,19.151708637633995,-0.8531846446755142,-3.468624565427998,-0.9342346466522079,-0.02058388417969298,0.502751988504761,-0.053108593124629844,0.5820082692987901,2.625700557420786,0.6050622145645537,-0.5972373227142093,-0.05751156715969024,19.4
1.4000000000000001,-0.9547223915198662,3.881280458318781,18.96438511953193,-0.84880015184547,-3.332597477230387,-0.9360726189140486,0.06442881248013535,0.8575188934713467,0.034728870506223475,0.4250634832991416,1.7738345248329284,0.43918731815426654,-0.6956141875129023,-0.07823619450589965,19.3
1.6,-1.122794291462034,3.233390649227824,18.778274103857616,-0.8299210766895881,-3.1389040712507117,-0.9229928843372307,0.12436193907868362,1.0794151663254041,0.09606847526195525,0.2996656329927413,1.1094813642702868,0.30669802377865885,-0.7934553429632445,-0.102120608708919,19.2
1.8,-1.286023476951327,2.627998731549259,18.595866669302808,-0.8010318228680905,-2.9110121393095962,-0.8997325971738681,0.16453059913629314,1.1995041530857522,0.13653439637167059,0.20084330028804753,0.6004449338017402,0.20232960554857668,-0.8906849131726003,-0.12915256655102655,19.1
2.0,-1.4427736521766081,2.070077983154149,18.418812716572923,-0.7656420425566661,-2.666737362616029,-0.8699975362376559,0.18936720397795004,1.243243613849917,0.1608162129904528,0.12418302420828453,0.21869730382082392,0.12140908309391105,-0.9872272833756269,-0.15931820661424598,19.0
2.2,-1.592026964776296,1.5615155168060284,18.24810931838994,-0.7264523242797789,-2.4192866313747445,-0.8366375215685251,0.2025299787909222,1.2312636985629275,0.17278393370085515,0.06581387406486079,-0.059899576434947,0.05983860355201186,-1.0830071322764425,-0.1926020546057501,18.9
2.4000000000000004,-1.7332369919555202,1.1019422375474979,18.084256245610117,-0.6854987570078981,-2.1781522959847592,-0.8017994419303421,0.2070056939278855,1.180079655336925,0.17559686268097427,0.022378575684816538,-0.2559202161300123,0.0140646449005956,-1.1779494642855763,-0.2289870293036789,18.8
2.6,-1.8662086347792917,0.6893977377212755,17.927383012009688,-0.6442776977335635,-1.949870870957509,-0.7670593064138723,0.20520489881546092,1.1027345949355774,0.17180449248372348,-0.009003975562123007,-0.3867253020067388,-0.018961850986253987,-1.2719796416401314,-0.268454449121341,18.7
2.8000000000000003,-1.991001117805909,0.3208558334115394,17.77735146660014,-0.6038523398136785,-1.738660282224582,-0.7335350175638574,0.19904868038338872,1.0093712923936917,0.16343839601642499,-0.03078109216036104,-0.46681651270942776,-0.04183048233649246,-1.365023416395629,-0.31098403928755863,18.6
3.0,-2.1078506264978105,-0.007366374853991579,17.633837606259636,-0.5649428187895024,-1.546949688773169,-0.701981709581508,0.19004652985837237,0.9077346421204374,0.1520946838070701,-0.04501075262508179,-0.5081832513662716,-0.056718561046774356,-1.4570069622780444,-0.35655393964070187,18.5
3.2,-2.2171094677560097,-0.29929579601873074,17.496395906988486,-0.5280016342798176,-1.375815404136792,-0.6728715382849348,0.1793653152384747,0.803608204243331,0.13900702915866067,-0.05340607309948833,-0.5206321893855318,-0.06543827324204719,-1.5478569063845995,-0.40514071303375304,18.4
3.4000000000000004,-2.3191989927355507,-0.5590695043745683,17.364509096881836,-0.49327613765732536,-1.225335637488312,-0.6464597779457641,0.1678896509864477,0.7011894622414685,0.12511057423304542,-0.05737832126013502,-0.5120937100093128,-0.06948227462807621,-1.6375003607219079,-0.4567193543475277,18.3
3.6,-2.414573863879435,-0.7907647117054336,17.23762593055324,-0.4608597569422557,-1.0948757812105019,-0.6228389964607122,0.15627415616424867,0.6034091005366331,0.11109724061747421,-0.058077474110995175,-0.4889018085241771,-0.07006666807785605,-1.7258649535701451,-0.5112633001089759,18.2
3.8000000000000003,-2.5036955717318667,-0.998279747104168,17.11518918180537,-0.4307335195183886,-0.9833148786136756,-0.6019829623583701,0.14498821807442247,0.512199925431629,0.09746310040594607,-0.056429690449131036,-0.4560458755250208,-0.06817070105764073,-1.8128788606619568,-0.5687444387112772,18.1
4.0,-2.587013406410304,-1.1852552498802076,16.99665575424861,-0.4027993029472186,-0.8892227769564055,-0.5837817986752023,0.13435394763727782,0.42872109114107193,0.0845485364257321,-0.05317135218572325,-0.41739417145278496,-0.06457281990106982,-1.8984708361648817,-0.6291331212322355,18.0
4.2,-2.664951360769295,-1.3550265698353,16.881510521318212,-0.3769061042541611,-0.8109963545276825,-0.5680697502481781,0.1245780392932973,0.353543133146158,0.07257194784451063,-0.04887954171990259,-0.37588978997456973,-0.05988294290610738,-1.982570243456142,-0.6923981728472819,17.9
4.4,-2.737899686138899,-1.5105999388582292,16.769275248920376,-0.3528704759650595,-0.7469621396031918,-0.5546467802556484,0.11577824359771852,0.28679901609874925,0.06165775208078556,-0.04399897847789395,-0.3337205852370435,-0.054570978818625326,-2.0651070856787044,-0.758506904833179,17.8
4.6000000000000005,-2.8062100371904637,-1.654646339751958,16.65951372559956,-0.3304921382031229,-0.6954516358094205,-0.5432950645089846,0.10800513402164777,0.22830602183896345,0.05185940538585326,-0.038865547880353735,-0.292464971298929,-0.04899173347466147,-2.1460120360676043,-0.827425127158329,17.7
4.800000000000001,-2.8701933309906056,-1.7895081674734674,16.551834025571708,-0.30956564399804665,-0.6548547463876973,-0.5337913119383997,0.10125980802911463,0.17766287237826936,0.04317812031999542,-0.033726629962665684,-0.2532157473034704,-0.043406425329289226,-2.2252164680355873,-0.8991171616553804,17.6
5.0,-2.9301196082705028,-1.9172147715772803,16.445888657485398,-0.28988885200527165,-0.6236558560196248,-0.5259157094499143,0.09550811189863553,0.13432603130245568,0.03557790456485854,-0.028758480652395488,-0.21668420537906838,-0.038001078775684365,-2.3026524850072128,-0.9735458557716263,17.5
5.2,-2.9862193243574824,-2.0395038045249567,16.34137320423397,-0.271268848484016,-0.6004563853061436,-0.5194581703280481,0.09069192331392056,0.097668675832356,0.02899748665380334,-0.024080942923574863,-0.18328677735049845,-0.03290208955527601,-2.378252949990638,-1.0506725968924993,17.4
5.4,-3.038685615285516,-2.1578459966045815,16.238023934214883,-0.25352585928386023,-0.5839869781653266,-0.5142224582956487,0.08673796868763697,0.06702539557581454,0.023359633670190137,-0.01976977313141796,-0.15321640128270733,-0.02818926491806602,-2.4519515148763946,-1.1304573272332548,17.3
5.6000000000000005,-3.0876771835874246,-2.273471551877479,16.135614759712954,-0.23649560282966745,-0.5731119123203908,-0.5100286643046508,0.08356459585429096,0.04172526287354429,0.018578306239789042,-0.015866864166730037,-0.12650066351135122,-0.02390663715200548,-2.523682649452555,-1.2128585592937593,17.2
5.800000000000001,-3.1333215304164983,-2.3873968272371764,16.033953831194985,-0.22003045636220667,-0.5668278320420314,-0.5067144297841911,0.0810868688203169,0.021115539910050798,0.014564038964806623,-0.012388635169870288,-0.10304861481746747,-0.020071336374912093,-2.5933816701257824,-1.2978333918710865,17.1
6.0,-3.1757183280994434,-2.5004503334941464,15.932879984964117,-0.20399973940179508,-0.5642584837614885,-0.5041352377911278,0.07922030078379902,0.0045779428953781655,0.011227880965826751,-0.009332840182589452,-0.08268798507336315,-0.01668078999489936,-2.6609847683378525,-1.3853375266244485,17.0
6.2,-3.214942782000706,-2.6132973971749167,15.83225920369951,-0.18828935979373346,-0.5646467819781131,-0.5021640314834726,0.07788349529681729,-0.008460925061624255,0.008484182110725805,-0.006684027434908622,-0.0651943397850121,-0.013718494275504731,-2.7264290386673395,-1.4753252851867913,16.9
6.4,-3.2510488745316657,-2.726463056794897,15.731981202938748,-0.17280101790661162,-0.5673452378373209,-0.500690366655537,0.07699992357440101,-0.01852363353045425,0.006252466168630017,-0.0044178586120814205,-0.050313542344149975,-0.01115857971047894,-2.789652506606256,-1.567749626817189,16.8
6.6000000000000005,-3.284072418941013,-2.8403529486503514,15.63195621977405,-0.1574511226844259,-0.5718055388041294,-0.49961926077624813,0.07649902864745636,-0.026079376137630415,0.004458592624258799,-0.0025044746347232306,-0.03777871303588082,-0.008969367721856088,-2.85059415600155,-1.6625621665880084,16.7
6.800000000000001,-3.314033877667759,-2.955272074218796,15.532112051348001,-0.1421695383970825,-0.5775678683046471,-0.4988698641006693,0.07631681422597775,-0.03154391886754678,0.003035374131529273,-0.0009110721073930945,-0.02732271364958183,-0.007116092463647631,-2.909193956151477,-1.759713194100596,16.6
7.0,-3.3409409208403256,-3.071441442306693,15.432391368758624,-0.12689825221692622,-0.5842503928224088,-0.49837404805243646,0.07639604757558487,-0.03528132631006943,0.0019227863507993669,0.00039616674803562605,-0.018687037212613257,-0.005562938903649531,-2.9653928885469565,-1.859151692723092,16.5
7.2,-3.3647907161085375,-3.189012651193536,15.332749315505446,-0.11159002934688117,-0.5915392150268153,-0.49807498132786776,0.07668618112486555,-0.03760689573399642,0.0010678808948881371,0.0014506677464034647,-0.011627847119634958,-0.004274527279556148,-3.019132973248176,-1.9608253593437708,16.4
7.4,-3.3855719523857375,-3.3080805251657988,15.233151387584778,-0.09620710357672398,-0.5991789899569152,-0.49792574424377295,0.07714307657670641,-0.03879085356700271,0.0004244899460603566,0.002284477259204306,-0.005919789165031431,-0.0032169547441389026,-3.0703572948867883,-2.0646806246331377,16.3
7.6000000000000005,-3.403266608095836,-3.4286939510198597,15.133571583884759,-0.08071993615569768,-0.6069643225403856,-0.4978880160073327,0.07772859763355645,-0.039062472267700626,-4.720758165781486e-05,0.002927605284250215,-0.0013580935034895924,-0.002358487638590857,-3.119010028284199,-2.1706626738078407,16.2
7.800000000000001,-3.4178514798738595,-3.5508650774943007,15.033990809888472,-0.06510606412231487,-0.61473200480907,-0.49793085717147245,0.07841012270027171,-0.03861435041914347,-0.00038120405973977677,0.0034076253335762912,0.00224060924278579,-0.0016699823904098095,-3.1650364636765533,-2.2787154678892714,16.1
8.0,-3.429299490950697,-3.6745770475797954,14.934395514240347,-0.04934905017795587,-0.6223541066223655,-0.49802959997296314,0.07916001674331825,-0.03760666771381193,-0.0006062239551670699,0.0037494702152326685,0.0050384135266577056,-0.001125099477136466,-3.20838303153717,-2.3887817654495684,16.0
8.200000000000001,-3.4375808001528796,-3.7997904330183547,14.834776535949157,-0.03343753935116601,-0.6297319015622792,-0.49816485202640143,0.07995509152458036,-0.03617128168532538,-0.0007462965792157117,0.003975373906310492,0.007176930142432754,-0.0007003631202432085,-3.248997326987295,-2.5008031448375574,15.899999999999999
8.4,-3.442663732966929,-3.9264485342645554,14.735128139466601,-0.017364422660869346,-0.6367905873999234,-0.49832161352760973,0.08077607537838627,-0.03441557669111705,-0.0008213184328671422,0.004104919269029593,0.008778524971041642,-0.0003751092682571526,-3.286828133786182,-2.6147200268769972,15.8
8.6,-3.4445155557788882,-4.054481699498131,14.63544721525132,-0.0011261043954941825,-0.6434747460346937,-0.4984885043306998,0.08160710727536538,-0.032426009656585736,-0.0008475895980339962,0.004155159484895529,0.009947835172656575,-0.00013135582583426983,-3.32182544789167,-2.730471698029354,15.7
8.8,-3.4431031134619143,-4.183810804321221,14.535732624430747,0.015278132818060735,-0.6497444793112921,-0.49865709468738895,0.08243526486018381,-0.030271323109397966,-0.0008383139688577029,0.0041407879240921135,0.01077343273593885,4.6378145881466645e-05,-3.3539405005825293,-2.847996334013128,15.6
9.0,-3.438393349151946,-4.314350020595054,14.435984667591983,0.03184667252738512,-0.6555721531739631,-0.49882133180980615,0.08325013223306003,-0.028005415517311734,-0.0008040572553139685,0.004074336864381128,0.011329537960431164,0.00017128356771867174,-3.383125781134028,-2.967231023871629,15.5
9.200000000000001,-3.430353723481573,-4.446008989257618,14.336204659401039,0.04857602677751856,-0.660939682038795,-0.49897705351902555,0.0840434102682744,-0.025669873131007968,-0.0007531598368802202,0.003966390176071869,0.011677711931518831,0.00025448709216874173,-3.4093350590383014,-3.088111794480942,15.399999999999999
9.4,-3.418952548855472,-4.578694498490379,14.236394592540236,0.06546122480965515,-0.6658362871007193,-0.4991215798903007,0.08480857005309156,-0.023296177488235047,-0.0006921038758717089,0.00382579892408578,0.011868478213864594,0.00030527980504255637,-3.432523405761266,-3.210573635489627,15.3
9.600000000000001,-3.4041592526365703,-4.712311755672709,14.13655687627196,0.08249613665890783,-0.6702566657846748,-0.49925337385595076,0.08554054843943529,-0.02090760935132042,-0.0006258357806286534,0.0036598919317186694,0.011942840684573125,0.0003313404762152773,-3.4526472160279553,-3.3345505246816125,15.2
9.8,-3.3859445814349187,-4.846765329446791,14.036694136715251,0.09967373986301639,-0.6741995141067532,-0.4993717620606652,0.0862354836016503,-0.01852087386946245,-0.0005580462665159203,0.003474675811075054,0.01193367740928985,0.0003389475705636655,-3.4696642286283397,-3.4599754537535254,15.1
10.0,-3.3642807570957474,-4.981959827078398,13.93680906761281,0.11698633700137417,-0.6776663488736471,-0.49947670778863285,0.08689048778192754,-0.016147473799476765,-0.0004914110131605364,0.003275020901386168,0.011867000349928422,0.0003331762667769196,-3.483533546735827,-3.586780454497614,15.0
10.200000000000001,-3.339141593498439,-5.1178003622250285,13.836904321939237,0.13442573117868586,-0.6806605820722312,-0.4995686284250295,0.0875034539911895,-0.013794858186365359,-0.00042779535080670624,0.0030648310463097786,0.011763078065557032,0.000318078311769151,-3.494215657730812,-3.7148966253812277,14.899999999999999
10.4,-3.310502581921181,-5.2541928592379845,13.736982436138854,0.15198336590236924,-0.6831868052312351,-0.4996482506205979,0.08807289324564435,-0.01146737340367284,-0.00036842660487708173,0.002847196272274249,0.011637423913462598,0.0002968437296481226,-3.5016724525218033,-3.8442541585137087,14.8
10.600000000000001,-3.2783409515047732,-5.391044232211021,13.637045780075024,0.1696504351168174,-0.6852502467927236,-0.499716497055791,0.08859779889883705,-0.009167042211212372,-0.00031403774705393,0.002624528265963493,0.011501655962302331,0.0002719442891157588,-3.505867244356831,-3.9747823669914113,14.7
10.8,-3.2426357102645755,-5.52826247009742,13.53709652692127,0.18741796847945308,-0.6868563704894093,-0.49977439942002183,0.0890775347275197,-0.006894194755644069,-0.0002649858952541076,0.002398679143413217,0.011364237277841515,0.00024525925899911204,-3.5067647871179943,-4.1064097126114065,14.6
11.0,-3.2033676711482477,-5.665756653281506,13.437136638231914,0.20527689631326299,-0.6880105873068961,-0.4998230329107436,0.08951174361057933,-0.00464797341922509,-0.00022134901196356441,0.0021710444152981856,0.011231106682094897,0.00021818441645271586,-3.504331293092191,-4.239063833944331,14.5
11.200000000000001,-3.1605194668116368,-5.803436921930217,13.337167860303586,0.22321809806158396,-0.6887180577749409,-0.49986346820226674,0.08990027387263062,-0.0024267312612222184,-0.00018300390326811698,0.0019426513102565044,0.011106210790014358,0.00019172554347723708,-3.4985344502112388,-4.372671574756691,14.399999999999999
11.4,-3.114075556076841,-5.941214412179413,13.23719172868881,0.24123243751150356,-0.6889835650619218,-0.49989673742679197,0.0902431206265653,-0.00022834160858775697,-0.000149688341983941,0.0017142337696733827,0.010991948263172307,0.0001665778064208798,-3.489343438754776,-4.5071590127727905,14.3
11.600000000000001,-3.0640222244346993,-6.079001172641357,13.137209578359906,0.2593107875464629,-0.6888114426444567,-0.49992381124576163,0.09054037972302811,0.0019495657832391189,-0.00012104984771299091,0.0014862954823141108,0.01088953695913438,0.0001431924713547505,-3.4767289475095056,-4.64245148876641,14.2
11.8,-3.0103475804478337,-6.216710070769091,13.037222557557016,0.27744404673775863,-0.6882055432054277,-0.4999455845670723,0.09079221218992913,0.004109428607051345,-9.66833653933227e-05,0.0012591623345050605,0.01079931411906113,0.00012183241159834103,-3.4606631893785367,-4.7784736359720945,14.1
12.0,-2.9530415494890234,-6.354254696199347,12.937231643800038,0.29562314968764364,-0.6871692379036834,-0.4999628688839699,0.09099881730892102,0.0062536244103906504,-7.61598035824604e-05,0.001033025594959479,0.010720979016696526,0.00010261780905431153,-3.44111991643474,-4.91514940980599,14.0
12.200000000000001,-2.8920958659025344,-6.491549266242985,12.83723766091167,0.3138390726911615,-0.6857054372882372,-0.49997638957720625,0.09116041272625768,0.008384381744071676,-5.9047128780839026e-05,0.0008079770866832894,0.01065378666840513,8.556337400810681e-05,-3.418074434412238,-5.052402117885854,13.899999999999999
12.4,-2.8275040643931173,-6.628508537131963,12.737241296198054,0.3320828359863103,-0.6838166269326059,-0.4999867868369431,0.09127722022522966,0.010503721812241422,-4.492546858734826e-05,0.0005840374948599096,0.010596700340848732,7.060830096745384e-05,-3.3915036166303394,-5.190154450339925,13.8
12.600000000000001,-2.75926147121954,-6.7650477234026205,12.637243117174721,0.35034550360851835,-0.6815049123758734,-0.4999946191292413,0.09134945599685135,0.012613423755082653,-3.3397454394886354e-05,0.00036117885810845086,0.010548509714206152,5.764007096230952e-05,-3.361385917344384,-5.328328510394123,13.7
12.8,-2.6873651955883275,-6.901082426841736,12.537243587417237,0.36861818165146565,-0.6787720692104933,-0.5000003683583369,0.09137732443262135,0.014715007898718177,-2.409483656142471e-05,0.00013934217885001307,0.010507920718177617,4.651308916730822e-05,-3.3277013845182055,-5.466845845226992,13.6
13.0,-2.6118141215014097,-7.0365285756961935,12.43724308126622,0.38689201555757,-0.6756195951857411,-0.5000044460649411,0.09136101462842224,0.016809732348803907,-1.6682229480225858e-05,-8.154902099554829e-05,0.010473622250428645,3.7063035405994265e-05,-3.2904316720130597,-5.6056274770817,13.5
13.200000000000001,-2.532608900201961,-7.171302374307367,12.337241897232229,0.40515818691374644,-0.6720487620309991,-0.5000072001570391,0.09130069893334236,0.018898599198617475,-1.0858691500061974e-05,-0.00030157847539934786,0.010444334249067837,2.9117689900819418e-05,-3.249560051188107,-5.744593934624305,13.399999999999999
13.4,-2.449751943280091,-7.305320262941706,12.237240270033519,0.4234079101072254,-0.6680606653729358,-0.500008921797436,0.09119653300144713,0.020982367382014915,-6.357712468003916e-06,-0.0005208296594761413,0.010418840916987197,2.250489516029029e-05,-3.205071421907696,-5.883665284537401,13.3
13.600000000000001,-2.3632474164392163,-7.438498887318941,12.137238381264075,0.44163242909852696,-0.6636562716508612,-0.50000985217556,0.09104865691156841,0.023061569838732747,-2.946068772683045e-06,-0.0007393804493935766,0.010396012283589167,1.7058218476604353e-05,-3.1569523229509167,-6.022761163338193,13.2
13.8,-2.273101233880623,-7.570755077163322,12.037236368735305,0.4598230144906921,-0.6588364613478507,-0.5000101889735163,0.09085719701008281,0.025136533191371952,-4.2191078991991357e-07,-0.0009572995074279811,0.010374816763196024,1.2620789913815657e-05,-3.105190941819079,-6.16180080940992,13.1
14.0,-2.1793210532343026,-7.702005832999878,11.937234334566012,0.4779709610124142,-0.6536020681717641,-0.5000100924013022,0.09062226820713884,0.027207398569492596,1.3876329314779955e-06,-0.0011746440147198788,0.010354326890603213,9.047718606989545e-06,-3.049777123936985,-6.300703095235535,13.0
14.200000000000001,-2.081916270945593,-7.832168320369487,11.837232352114963,0.49606758548509805,-0.6479539140575478,-0.5000096907264201,0.09034397651969965,0.029274142572670768,2.629115889738143e-06,-0.0013914584371959768,0.010333720015890868,6.2074147913007365e-06,-2.990702381244046,-6.439386559822387,12.899999999999999
14.4,-1.9808980180169384,-7.961159870629022,11.737230471861453,0.5141042253076551,-0.6418928400352003,-0.500009085261376,0.09002242170587028,0.03133659765080397,3.4255345505018825e-06,-0.0016077740691468425,0.010312275390665997,3.9820933038186975e-06,-2.9279599001715244,-6.577769441306647,12.8
14.600000000000001,-1.8762791560001502,-8.088897987524671,11.637228726343434,0.5320722374659261,-0.6354197331294205,-0.5000083548009775,0.08965769987684036,0.03339447140699431,3.879069435012456e-06,-0.00182360914514961,0.010289368780951718,2.2676744225528653e-06,-2.8615445490023648,-6.71576970972612,12.7
14.8,-1.768074273135235,-8.215300358768413,11.537227134262311,0.5499629980541899,-0.6285355495379801,-0.5000075595218428,0.08924990600579663,0.035447364507409075,4.07372191102776e-06,-0.0020389693552186066,0.010264465502073834,9.732623800765194e-07,-2.791452884610288,-6.853305099950017,12.6
15.0,-1.656299680535785,-8.340284871902453,11.437225703859498,0.5677679022827912,-0.6212413343853604,-0.5000067443706828,0.08879913628021577,0.03749478701878821,4.077789689608694e-06,-0.002253848627904301,0.010237112556895672,2.033889290467337e-08,-2.7176831585750523,-6.990293144754197,12.5
15.200000000000001,-1.5409734083270652,-8.463769633798618,11.33722443566353,0.585478364937196,-0.6135382383736357,-0.5000059419771109,0.08830549026383229,0.03953617309845947,3.94614602936426e-06,-0.002468230081917419,0.010206930398356327,-6.582183012221738e-07,-2.6402353226709443,-7.126651208030365,12.399999999999999
15.4,-1.422115201650435,-8.585672993205115,11.237223324698746,0.6030858212486782,-0.6054275316600405,-0.5000051751321186,0.08776907285098869,0.041570894037493304,3.7223038937058855e-06,-0.002682087064218004,0.010173604695169163,-1.119210678291873e-06,-2.5591110337258565,-7.26229651811757,12.3
15.600000000000001,-1.299746516455974,-8.705913565818545,11.137222362238102,0.6205817281344627,-0.5969106152851218,-0.5000044588758128,0.08718999600685612,0.043598269711693574,3.4402591649082874e-06,-0.0028953842206628027,0.010136878371001353,-1.4102236439879904e-06,-2.4743136578483895,-7.397146201244432,12.2
15.8,-1.1738905150136763,-8.824410261422532,11.037221537173837,0.6379575657648573,-0.5879890304607371,-0.500003802238296,0.08656838029708958,0.04561757853215202,3.126116003880422e-06,-0.003108078548832697,0.01009654410229224,-1.5707158051393269e-06,-2.3858482740208014,-7.531117315070319,12.1
16.0,-1.0445720610819789,-8.941082312694187,10.937220837071077,0.6552048394160356,-0.578664466006553,-0.5000032096763735,0.08590435621469342,0.047628066009689066,2.799503221945834e-06,-0.0033201204119807613,0.010052437387685197,-1.6330639096729397e-06,-2.293721677055644,-7.664126882313799,12.0
16.2,-0.9118177146804586,-9.055849305334963,10.83722024896115,0.6723150815692617,-0.5689387641995259,-0.5000026822464795,0.08519806531756834,0.049628952060581474,2.4747957181049558e-06,-0.003531454485625405,0.010004430254462036,-1.6235375192043912e-06,-2.197942379914331,-7.796091924456543,11.9
16.400000000000002,-0.7756557264210973,-9.168631209232824,10.737219759923509,0.6892798542201389,-0.5588139252749296,-0.5000022185512519,0.08444966119120412,0.051619437185381964,2.162156556432467e-06,-0.00374202063182111,0.009952425624002436,-1.563195808362445e-06,-2.0985206153859366,-7.926929495510872,11.799999999999999
16.6,-0.6361160313594973,-9.279348410407657,10.637219357498129,0.7060907513645998,-0.5482921107911781,-0.5000018154938618,0.08365931025340347,0.05359870765213271,1.8684173443172551e-06,-0.003951754689003232,0.009896352333753753,-1.4686960605760583e-06,-1.995468337124851,-8.056556715839106,11.7
16.8,-0.4932302423337511,-9.3879217435318,10.537219029963683,0.7227394016316533,-0.5373756460450012,-0.5000014688706927,0.08282719241713235,0.05556593980963682,1.5978143463247564e-06,-0.0041605891813555895,0.009836160787520525,-1.353014989962494e-06,-1.8887992200460528,-8.184890806012834,11.6
17.0,-0.3470316427643351,-9.494272524852342,10.437218766511053,0.73921747103622,-0.5260670216990989,-0.5000011738294786,0.08195350162853461,0.0575203036493861,1.3525977947592573e-06,-0.004368453942988705,0.009771819198746408,-1.2260827578274953e-06,-1.7785286600770638,-8.311849120700188,11.5
17.2,-0.19755517889341143,-9.598322585372003,10.337218557336668,0.7555166658285618,-0.5143688947616583,-0.5000009252166078,0.08103844629488374,0.059460965725020604,1.1335309138500836e-06,-0.004575276668254337,0.009703310378172507,-1.0953344045458678e-06,-1.6646737732657635,-8.437349182569198,11.4
17.400000000000002,-0.044837451446316574,-9.699994304171147,10.237218393675718,0.7716287354198108,-0.5022840890363813,-0.5000007178341299,0.08008224961760586,0.061387091527748586,9.402938649635127e-07,-0.004780983386389387,0.009630629013639926,-9.661852444328544e-07,-1.547253394243537,-8.561308716195315,11.299999999999999
17.6,0.11108329329817106,-9.799210641775346,10.137218267791525,0.7875454753659319,-0.4898155951430069,-0.50000054662405,0.07908514984360497,0.06329784740599562,7.718069342083019e-07,-0.0049854988700044735,0.009553779391235119,-8.424346537760537e-07,-1.426288074043441,-8.683645681961089,11.2
17.8,0.27016717303891524,-9.895895173491157,10.037218172934045,0.8032587303949378,-0.476966570191725,-0.5000004067948082,0.07804740044645354,0.06519240210682294,6.264854841454659e-07,-0.005188746985757147,0.00947277350413663,-7.266072503141804e-07,-1.3018000772732168,-8.80427830993611,11.1
18.0,0.43237267959218056,-9.989972122648034,9.937218103277809,0.8187603974644583,-0.4637403371803682,-0.5000002939024673,0.07696927024875097,0.06706992800674508,5.024379251589016e-07,-0.005390650988512834,0.009387629499610679,-6.202377949328217e-07,-1.1738133786433098,-8.923125133725177,11.0
18.2,0.5976566896450178,-10.081366393696749,9.837218053847266,0.8340424288387677,-0.4501403841706688,-0.5000002038969985,0.075851043494342,0.06892960209024938,3.976167622097146e-07,-0.005591133772044826,0.0092983704175215,-5.241058147459349e-07,-1.042353658850167,-9.040105024272764,10.9
18.400000000000002,0.7659744761252244,-10.17000360512484,9.737218020435632,0.8490968351761294,-0.43617036328906134,-0.5000001331422111,0.07469301987927494,0.07077060672582543,3.0993111097107793e-07,-0.00579011807533532,0.009205023177880228,-4.384282561931832e-07,-0.9074482998153882,-9.155137223611788,10.799999999999999
18.6,0.9372797201891575,-10.255810122157767,9.637217999521791,0.8639156886188097,-0.4218340895883388,-0.5000000784162775,0.07349551454752815,0.07259213028140028,2.3732822664516328e-07,-0.005987526658734026,0.0091076177778743,-3.6301442162957314e-07,-0.7691263792814598,-9.268141378544751,10.7
18.8,1.1115245238272773,-10.33871308922092,9.53721798818858,0.8784911258794253,-0.4071355397987663,-0.5000000368984323,0.07225885805862867,0.07439336761432451,1.778502257434561e-07,-0.006183282444497411,0.009006186664621125,-2.9739000450853593e-07,-0.6274186647650394,-9.379037574245263,10.6
19.0,1.288659423086152,-10.418640462142715,9.437217984044706,0.8928153513184036,-0.39207885099083084,-0.500000006146281,0.07098339633115365,0.07617352046502988,1.2967128700174254e-07,-0.006377308637375053,0.008900764253526894,-2.408946937085679e-07,-0.4823576068690022,-9.487746367768038,10.5
19.200000000000003,1.4686334019046925,-10.495521040082828,9.337217985151865,0.9068806400081845,-0.3766683191665347,-0.499999984067176,0.06966949056665514,0.07793179777793142,9.11197634823791e-08,-0.006569528822492586,0.008791386564507682,-1.927576175968172e-07,-0.33397733195465545,-9.594188821455438,10.399999999999999
19.400000000000002,1.6513939065616046,-10.569284497172635,9.237217989957951,0.920679340780646,-0.3609083977918409,-0.4999999688863135,0.06831751715796007,0.0796674159690065,6.068886169531918e-08,-0.006759867043475337,0.008678090955375377,-1.521545089352996e-07,-0.18231363417573007,-9.698286536228636,10.299999999999999
19.6,1.836886860730398,-10.639861413857048,9.137217997236798,0.9342038792548172,-0.34480369627941554,-0.49999995911354717,0.06692786758375184,0.08137959915524763,3.703880155094919e-08,-0.0069482478710411145,0.008560915931205637,-1.1825030072184993e-07,-0.027403966875991722,-9.799961684751603,10.2
19.8,2.0250566811377615,-10.707183307928474,9.037218006034557,0.9474467608424407,-0.32835897842807565,-0.49999995351039694,0.0655009482924837,0.08306757935815091,1.899270069037675e-08,-0.00713459645634072,0.008439901014516443,-9.02305043028622e-08,0.13071256664745468,-9.899137044455967,10.1
20.0,2.215846293820663,-10.77118266524471,8.937218015622571,0.9604005737293959,-0.31157916082319703,-0.4999999510582722,0.06403718057706823,0.08473059669063542,5.528546199344099e-09,-0.007318838577077318,0.008315086662422519,-6.732077245516324e-08,0.29199522301288816,-9.99573603041505,10.0
20.200000000000003,2.4091971509771817,-10.831792970123246,8.837218025456417,0.9730579918312849,-0.29446931120068903,-0.4999999509286116,0.06253700044182156,0.08636789953444489,-4.231940102928084e-09,-0.0075009006762332955,0.008186514219047354,-4.880243151136091e-08,0.456401629252266,-10.089682728055223,9.899999999999999
20.400000000000002,2.605049248405751,-10.888948735404837,8.7372180351407,0.9854117777217778,-0.2770346467759037,-0.4999999524553739,0.06100085846310699,0.0879787447134082,-1.1035682471009973e-08,-0.007680709893572873,0.008054225894816585,-3.4018711840409446e-08,0.6238877939363379,-10.180901925692893,9.799999999999999
20.6,2.8033411435272404,-10.942585532179397,8.637218044399072,0.9974547855324766,-0.2592805325379348,-0.49999995511010265,0.059429219643880156,0.089562397666281,-1.5511605215158343e-08,-0.007858194096134176,0.007918264764363976,-2.2379613720741845e-08,0.7944081189237213,-10.269319146885449,9.7
20.8,3.0040099739840787,-10.992640019167288,8.537218053049004,1.009179963823233,-0.24121247950912336,-0.4999999584796509,0.05782256326368528,0.09111813262183358,-1.8183877181615778e-08,-0.008033281900974357,0.0077786747777628595,-1.336135983228718e-08,0.967915411730724,-10.35486068258449,9.6
21.0,3.2069914768103978,-11.039049971748968,8.437218060980724,1.0205803584219555,-0.22283614296914991,-0.49999996224653376,0.05618138272353866,0.09264523277790093,-1.9484951172225108e-08,-0.008205902700733087,0.007635500780336757,-6.505369953046641e-09,1.1443608985186466,-10.437453623079797,9.5
21.200000000000003,3.4122200081670164,-11.081754310635857,8.337218068139833,1.0316491152330114,-0.20415732064283498,-0.49999996617179115,0.05450618538701919,0.09414299048524835,-1.9767622766899015e-08,-0.008375986682597326,0.007488788536737118,-1.4133579733695339e-09,1.3236942376949756,-10.517025889722492,9.399999999999999
21.400000000000002,3.619628563634894,-11.120693130175042,8.23721807451313,1.0423794830134354,-0.18518195085062492,-0.49999997008020675,0.05279749241722171,0.09561070743685224,-1.9316532815113576e-08,-0.008543464848987424,0.007338584758019414,2.2554497589271975e-09,1.5058635341246664,-10.59350626641593,9.299999999999999
21.6,3.829148799060542,-11.155807726280258,8.137218080117146,1.0527648161161312,-0.1659161106206987,-0.4999999738476928,0.05105583860973539,0.0970476948624098,-1.8358327712010353e-08,-0.00870826903743159,0.007184937127787844,4.791025515516111e-09,1.6908153539476227,-10.666824430862963,9.2
21.8,4.040711051946711,-11.18704062398138,8.037218084989023,1.0627985771993034,-0.14636601376165972,-0.4999999773906252,0.04928177222198624,0.09845327372798002,-1.707099608617975e-08,-0.008870331938745752,0.0070278943278510725,6.436658129153012e-09,1.8784947399980958,-10.73691098555816,9.1
22.0,4.254244363381524,-11.214335604584404,7.937218089179337,1.0724743399013978,-0.1265380088948504,-0.49999998065692425,0.04747585479895821,0.0998267749401132,-1.5591994667744424e-08,-0.00902958711514016,0.00686750606066593,7.395007092176631e-09,2.068845227821681,-10.803697488513803,9.0
22.200000000000003,4.46967650049909,-11.23763773243381,7.837218092746555,1.081785791480797,-0.10643857744543726,-0.49999998361866954,0.04563866099503125,0.10116753955401817,-1.4025458105641852e-08,-0.009185969019634789,0.006703823069524815,7.832682810512865e-09,2.261808862285258,-10.86711648370845,8.899999999999999
22.400000000000002,4.686933979464465,-11.256893381268945,7.7372180957528265,1.090726735419519,-0.08607433159154033,-0.4999999862660471,0.04377077839218923,0.10247491898495112,-1.2448317347933763e-08,-0.009339413014210117,0.0065368971546647826,7.885703788540442e-09,2.4573262147751063,-10.927101531246933,8.799999999999999
22.6,4.905942088975696,-11.272050260165972,7.637218098260869,1.0992910939902,-0.06545201217082453,-0.49999998860244643,0.041872807314622666,0.10374827522220689,-1.0915675863646847e-08,-0.009489855387832806,0.006366781186278853,7.663207421434578e-09,2.6553364009781943,-10.983587237220824,8.7
22.8,5.126624914275526,-11.283057439056874,7.537218100331735,1.107472910785608,-0.044578486544115385,-0.49999999064053896,0.039945360639458,0.10498698104488448,-9.465249553605321e-09,-0.009637233375823328,0.006193529113387904,7.252131550207632e-09,2.855777099241402,-11.036509283258379,8.6
23.0,5.3489053616651985,-11.28986537381684,7.437218102023284,1.1152663532099292,-0.023460746415740374,-0.4999999923991819,0.037989063603753266,0.10619042023886563,-8.121179979751963e-09,-0.009781485178523683,0.006017195969905788,6.720347869266784e-09,3.0585845695032745,-11.085804455753154,8.5
23.200000000000003,5.572705183512619,-11.292425930911374,7.337218103389184,1.1226657149310864,-0.0021059056104309705,-0.4999999939010098,0.03600455360781916,0.1073579878142284,-6.897098449185472e-09,-0.009922549979670545,0.005837837876813842,6.120407652832454e-09,3.263693672792724,-11.131410674760534,8.399999999999999
23.400000000000002,5.797945003747038,-11.290692411594453,7.237218104478362,1.1296654182933128,0.019478802193240163,-0.4999999951705956,0.03399248001444652,0.10848909022248292,-5.798759996715955e-09,-0.010060367966863201,0.005655512041272585,5.491692262347586e-09,3.471037891288839,-11.173267022551514,8.299999999999999
23.6,6.024544343832191,-11.284619575649018,7.137218105334753,1.1362600166892332,0.04128602577280561,-0.49999999623308283,0.031953503944757884,0.10958314557317159,-4.826112042281645e-09,-0.010194880348443174,0.005470276753443314,4.8632397721715454e-09,3.680549348935846,-11.211313771813183,8.2
23.8,6.252421649209766,-11.274163664661152,7.037218105997289,1.142444196890687,0.06330829871503922,-0.4999999971131899,0.02988829806978031,0.1106395838491645,-3.974958606700827e-09,-0.010326029374887873,0.005282191379964563,4.2557671779040905e-09,3.892158832606956,-11.245492413485488,8.1
24.0,6.481494316204824,-11.259282424819354,6.937218106500063,1.1482127813375183,0.08553804181197858,-0.4999999978345197,0.02779754639853088,0.11165784712022908,-3.238339375120748e-09,-0.01045375835624714,0.0050913163553229146,3.683096157900396e-09,4.105795813810778,-11.2757456842239,8.0
24.200000000000003,6.711678719384722,-11.239935129230323,6.837218106872597,1.1535607303835886,0.10796756549945931,-0.49999999841910203,0.025681944062171627,0.11263738975457814,-2.6074842297636433e-09,-0.010578011681796264,0.004897713171745286,3.154275726785524e-09,4.321388470933705,-11.302017593477782,7.899999999999999
24.400000000000002,6.942890239362896,-11.216082599742851,6.737218107140192,1.1584831444992285,0.13058907233769698,-0.4999999988871181,0.023542197094227443,0.11357767862779854,-2.072676673983313e-09,-0.010698734839720916,0.0047014443661019785,2.6740377789016523e-09,4.538863712011448,-11.32425345017435,7.799999999999999
24.6,7.175043291038714,-11.187687228271415,6.637218107324307,1.162975266429396,0.15339465953338297,-0.4999999992567707,0.02137902220744823,0.11447819332906121,-1.62384894084226e-09,-0.010815874433896073,0.004502573506313373,2.244138665705264e-09,4.758147198022877,-11.34239988899823,7.699999999999999
24.8,7.408051352264469,-11.154712997611256,6.537218107442961,1.167032483306777,0.17637632150270466,-0.4999999995442533,0.019193146566361605,0.11533842636415567,-1.2509774561746408e-09,-0.010929378205433118,0.004301165175472315,1.8643574233380965e-09,4.979163366698922,-11.356404896256713,7.6
25.0,7.6418269929304214,-11.117125501736824,6.437218107511135,1.170650328719095,0.19952595247464144,-0.49999999976379694,0.016985307556819006,0.11615788335521215,-9.444592863087336e-10,-0.011039195047713002,0.004097284955282403,1.5325908493295364e-09,5.20183545683928,-11.366217835321022,7.5
25.200000000000003,7.876281904458671,-11.074891965575581,6.3372181075411484,1.173824484729879,0.22283534913383982,-0.499999999927768,0.014756252551020246,0.11693608323677158,-6.952515320276656e-10,-0.011145275028993798,0.003890999407797124,1.2460387714053396e-09,5.426085533129433,-11.371789471633894,7.399999999999999
25.400000000000002,8.11132692969646,-11.027981264249336,6.237218107543025,1.1765507838519786,0.24629621330234072,-0.5000000000467961,0.012506738669973927,0.1176725584482373,-4.950295667014322e-10,-0.011247569405231595,0.0036823760573286234,1.001109826631167e-09,5.651834511450216,-11.373071997274101,7.299999999999999
25.6,8.346872093199398,-10.976363941775409,6.1372181075248236,1.1788252109731256,0.2699001546593854,-0.5000000001299255,0.010237532541496381,0.11836685512220951,-3.3626384456889487e-10,-0.011346030642387728,0.003471483369861035,7.938286106626865e-10,5.879002184672261,-11.370019055068411,7.199999999999999
25.8,8.582826631894946,-10.92001222922011,6.03721810749294,1.1806439052327968,0.2936386934984898,-0.5000000001847756,0.00794941005521694,0.11901853326883508,-2.12237453359762e-10,-0.011440612431397207,0.0032583907331278274,6.201319560456644e-10,6.107507248927063,-11.362585762241947,7.1
26.0,8.819099026116335,-10.85890006229712,5.9372181074523755,1.1820031618497289,0.3175032635209691,-0.5000000002176982,0.00564315611410432,0.11962716695595782,-1.1698777672384035e-10,-0.011531269705563096,0.0030431684356137406,4.762483831796082e-10,6.3372673303466724,-11.350728733597714,7.0
26.200000000000003,9.05559703099702,-10.793003098403613,5.837218107406973,1.182899433899406,0.3414852146650556,-0.5000000002339351,0.0033195643826677613,0.12019234448490723,-4.538224437624794e-11,-0.01161795865718279,0.0028258876447470917,3.5802766173796207e-10,6.56819901226354,-11.334406104216502,6.899999999999999
26.400000000000002,9.292227708215545,-10.722298733087056,5.737218107359628,1.1833293340408133,0.36557581596974004,-0.5000000002377682,0.00097943703140392,0.12071366856193712,7.049989455742504e-12,-0.011700636756319207,0.0026066203851494627,2.621611691599522e-10,6.800217862862031,-11.313577551668269,6.799999999999999
26.6,9.528897458080653,-10.646766115935849,5.637218107312463,1.1832896361918523,0.3897662584724268,-0.5000000002326508,-0.0013764155210141474,0.1211907564649304,4.4124721630956624e-11,-0.011779262762090336,0.002385439514966426,1.8537366087607057e-10,7.033238463272888,-11.288204317726484,6.699999999999999
26.8,9.765512051946278,-10.566386165887126,5.537218107266981,1.182777277152774,0.4140476581395062,-0.5000000002213337,-0.0037471748697697096,0.12162324020586424,6.904575692500939e-11,-0.01185379674377781,0.002162418704669172,1.2460517647026387e-10,7.267174436101839,-11.25824922957686,6.6
27.0,10.001976664945982,-10.481141585945224,5.437218107224199,1.18178935817699,0.4384110588289266,-0.5000000002059806,-0.006132014888070227,0.1220107666883397,8.448509301351815e-11,-0.011924200091502583,0.0019376324123772848,7.719668044254378e-11,7.501938474383271,-11.223676720512222,6.5
27.200000000000003,10.238195909036241,-10.391016877304526,5.337218107184747,1.1803231464886925,0.462847435283798,-0.500000000188263,-0.008530101994903384,0.12235299786037455,9.269066369425798e-11,-0.011990435534165787,0.001711155860174292,4.102785340369916e-11,7.73744237094989,-11.184452850105338,6.399999999999999
27.400000000000002,10.474073866337879,-10.295998352870543,5.237218107148967,1.178376076746657,0.4873476961561074,-0.5000000001694475,-0.010940595425453007,0.12264961086271928,9.546363562876707e-11,-0.01205246715274812,0.0014830650117236383,1.3864859672545423e-11,7.97359704820897,-11.140545323851667,6.299999999999999
27.6,10.709514122764842,-10.19607415017334,5.137218107116979,1.1759457524536867,0.5119026870595567,-0.5000000001504727,-0.01336264750425029,0.1229002981717724,9.428367306481218e-11,-0.012110260393986409,0.001253436545265657,-5.899812819774452e-12,8.210312588315793,-11.09192351227429,6.199999999999999
27.8,10.944419801929381,-10.09123424366755,5.037218107088743,1.1730299473111276,0.5365031936505591,-0.5000000001320104,-0.015795403921339397,0.12310476773825138,9.034061969662964e-11,-0.01216378208544553,0.0010223478323948471,-1.9715266840912672e-11,8.447498263734628,-11.038558469483252,6.1
28.0,11.178693599312584,-9.98147045641346,4.937218107064109,1.169626606517924,0.5611399447364158,-0.5000000001145205,-0.018238004010697438,0.12326274312031636,8.455874244599383e-11,-0.012213000446790209,0.0007898769103249416,-2.890938625317905e-11,8.685062568177518,-10.980422951181877,6.0
28.200000000000003,11.41223781668915,-9.866776471133825,4.83721810704285,1.165733848013696,0.585803615409662,-0.5000000000983009,-0.020689581031580286,0.12337396361214466,7.763785874935706e-11,-0.012257885104414229,0.0005561024591414554,-3.46044184831838e-11,8.922913247910943,-10.917491432112756,5.899999999999999
28.400000000000002,11.644954396795118,-9.747147840641285,4.737218107024693,1.1613499636653224,0.6104848302075888,-0.5000000000835194,-0.023149262452157995,0.12343818436712412,7.017662505425885e-11,-0.012298407102888539,0.0003211037748973132,-3.730616847549107e-11,9.160957333420393,-10.849740122936177,5.799999999999999
28.6,11.876744958227249,-9.62258199763143,4.637218107009342,1.1564734203965654,0.6351741662959168,-0.5000000000702477,-0.025616170235411143,0.12345517651615671,6.254037864691598e-11,-0.012334538916265729,8.496074516296535e-05,-3.818123203671439e-11,9.399101171422622,-10.77714698653414,5.699999999999999
28.8,12.107510830562571,-9.493078263836825,4.537218106996493,1.1511028612602596,0.6598621566756218,-0.5000000000584894,-0.028089421127646723,0.12342472728089221,5.5041596656748295e-11,-0.0123662544611779,-0.0001522461763225241,-3.749390995083844e-11,9.63725045721531,-10.699691753733061,5.6
29.0,12.337153089686593,-9.358637858537412,4.437218106985847,1.145237106452604,0.684539293411857,-0.5000000000481952,-0.030568126948910517,0.12334664008146086,4.7900371535252953e-11,-0.01239352910631897,-0.00039043599715673155,-3.57061256074767e-11,9.875310267353711,-10.617355938438646,5.5
29.200000000000003,12.565572593318558,-9.219263906423024,4.337218106977122,1.138875154269151,0.7091960308839438,-0.5000000000392815,-0.033051394885617744,0.12322073463940625,4.123639722593364e-11,-0.012416339683536124,-0.0006295272102730385,-3.331987154659653e-11,10.113185092643757,-10.530122852176422,5.399999999999999
29.400000000000002,12.792670016722013,-9.074961444803874,4.23721810697005,1.1320161820020536,0.7338227890554042,-0.500000000031644,-0.035538327785357184,0.12304684707519735,3.513787254207416e-11,-0.012434664498697193,-0.0008694378210444943,-3.0492623419297424e-11,10.35077887144085,-10.43797761803184,5.299999999999999
29.6,13.01834588858893,-8.925737430165123,4.137218106964387,1.124659546778182,0.7584099567629514,-0.5000000000251674,-0.03802802445335917,0.1228248300002746,2.962813873630782e-11,-0.012448483340009938,-0.0011100853746137775,-2.7548669028831696e-11,10.58799502324373,-10.340907183983715,5.199999999999999
29.8,13.242500627085517,-8.771600744061834,4.037218106959913,1.1168047863377657,0.7829478950233918,-0.5000000000197306,-0.040519579950803464,0.12255455260413002,2.4740869455766967e-11,-0.012457777487221468,-0.0013513869807228423,-2.4436346402704256e-11,10.824736482572321,-10.238900335625297,5.1
30.0,13.46503457604776,-8.612562198350862,3.937218106956433,1.108451619753162,0.8074269403573876,-0.5000000000152115,-0.04301208589523293,0.12223590073582861,2.0450249275039146e-11,-0.012462529722147314,-0.0015932593415070603,-2.1453100903639098e-11,11.060905733118682,-10.131947708267264,5.0
30.200000000000003,13.68584804131471,-8.448634539756371,3.837218106953775,1.099599948087427,0.8318374081289905,-0.5000000000114945,-0.04550463076211629,0.12186877698020042,1.6720161495883062e-11,-0.012462724334416806,-0.0018356187781409712,-1.8650438895780425e-11,11.296404842159852,-10.020041798417186,4.899999999999999
30.400000000000002,13.904841327187444,-8.27983245376598,3.7372181069517896,1.0902498549923836,0.856169595899873,-0.5000000000084714,-0.047996300188317076,0.1214531007286236,1.3510568089615016e-11,-0.012458347131003935,-0.0020783812578841036,-1.604796703134023e-11,11.531135495221399,-9.90317697463017,4.799999999999999
30.6,14.121914773001565,-8.106172567854664,3.637218106950347,1.0804016072458655,0.8804137867971626,-0.5000000000060412,-0.05048617727686536,0.12098880824427388,1.0793008288857443e-11,-0.012449385442741415,-0.0023214624217486077,-1.3587799003787866e-11,11.764999030980366,-9.781349487725661,4.699999999999999
30.8,14.336968789801025,-7.927673454033826,3.537218106949339,1.0700556552278724,0.904560252893815,-0.5000000000041125,-0.05297334290306642,0.12047585272225023,8.493785978629394e-12,-0.012435828131005319,-0.0025647776101183012,-1.1496111551140246e-11,11.997896476396145,-9.654557480365476,4.6
31.0,14.549903897101078,-7.744355630723143,3.4372181069486736,1.0592126333353675,0.9285992586004095,-0.5000000000026051,-0.05545687602198112,0.11991420434369351,6.5793675593143266e-12,-0.01241766559457351,-0.002808241892783573,-9.572092096575338e-12,12.229728582057733,-9.522800995988533,4.5
31.200000000000003,14.760620759728013,-7.556241563942979,3.3372181069482734,1.0478733603354706,0.9525210640672699,-0.5000000000014482,-0.057935853976989096,0.11930385032491024,4.990901952606087e-12,-0.012394889775039882,-0.0030517700939163652,-7.942328033541201e-12,12.46039585773586,-9.386081987097656,4.399999999999999
31.400000000000002,14.969020224723351,-7.363355667825456,3.237218106948075,1.0360388396568427,0.9763159285958215,-0.5000000000005773,-0.060409352809290724,0.11864479496060683,3.7179945206653e-12,-0.012367494161508133,-0.003295276821517033,-6.364537159703935e-12,12.689798608128168,-9.244404322894386,4.299999999999999
31.6,15.175003358300138,-7.1657243044424055,3.1372181069480267,1.0237102596190457,0.9999741140580481,-0.4999999999999386,-0.06287644756868027,0.11793705966165943,2.6692720398500467e-12,-0.012335473796947731,-0.003538676494736991,-5.243612404076266e-12,12.917836968785805,-9.097773796257565,4.199999999999999
31.8,15.378471482838865,-6.963375782948725,3.037218106948087,1.0108889935996834,1.0234858883229616,-0.49999999999948674,-0.06533621262494327,0.1171806829874753,1.8496206123782363e-12,-0.012298825281314967,-0.003781883370920645,-4.098257137359051e-12,13.144410942209376,-8.94619813006209,4.1
32.0,15.579326213910601,-6.756340358039816,2.937218106948222,0.9975766001391765,1.046841528688955,-0.4999999999991816,-0.0677877219801252,0.11637572067245806,1.2020253384842028e-12,-0.012257546775909666,-0.00402481157508617,-3.2379763694701678e-12,13.369420434102523,-8.789686982834025,4.0
32.2,15.777469497314826,-6.5446502277220775,2.8372181069484066,0.9837748229830344,1.070031325320924,-0.49999999999899075,-0.07023004958129467,0.11552224564723226,7.063971800681982e-13,-0.012211638005847344,-0.004267375126129027,-2.478140792080023e-12,13.592765289770975,-8.6282519537388,3.8999999999999986
32.4,15.972803646119454,-6.328339530395571,2.73721810694862,0.9694855910614788,1.0930455846910312,-0.49999999999888795,-0.07266226963426135,0.11462034805384007,3.2178001917628315e-13,-0.01216110026483342,-0.00450948796696096,-1.923085804459575e-12,13.814345330655074,-8.461906586899216,3.8000000000000007
32.6,16.16523137769051,-6.107444341248274,2.637218106948847,0.9547110184063198,1.1158746330219909,-0.49999999999885125,-0.0750834569173282,0.11367013525575737,4.559075718370308e-14,-0.012105936415334239,-0.004751063990413501,-1.3809463099629001e-12,14.034060390983601,-8.290666375040383,3.6999999999999993
32.800000000000004,16.354655850698908,-5.882002667961521,2.5372181069490765,0.9394534040050253,1.1385088197317448,-0.4999999999988633,-0.07749268709561694,0.11267173184178117,-1.658498700040358e-13,-0.01204615089144368,-0.0049920170698809895,-1.0572031359386943e-12,14.2518103545367,-8.114548762458734,3.599999999999998
33.0,16.54098070209173,-5.65205444572645,2.4372181069492997,0.9237152315918858,1.160938520878397,-0.4999999999989099,-0.07988903703577761,0.11162527962474161,-3.004355326877827e-13,-0.011981749700803372,-0.0052322610851977674,-6.729283134187347e-13,14.467495191505645,-7.933573147312696,3.5
33.2,16.724110084015493,-5.4176415315715465,2.337218106949511,0.9074991693762514,1.183154142604279,-0.49999999999897826,-0.08227158512056688,0.11053093763407734,-3.8314137118519453e-13,-0.01191274042394633,-0.005471709953321355,-4.135291924870592e-13,14.681014995437199,-7.747760883232535,3.3999999999999986
33.4,16.90394870067871,-5.178807698001547,2.2372181069497072,0.8908080697078116,1.2051461245780073,-0.49999999999906053,-0.08463941156383198,0.10938888210320669,-4.4003178427014987e-13,-0.011839132216325468,-0.00571027765435327,-2.8445206542477675e-13,14.892270020250056,-7.5571352802474925,3.3000000000000007
33.6,17.080401845141253,-4.93559862594823,2.137218106949886,0.8736449686789096,1.2269049434334218,-0.49999999999915107,-0.08699159872518739,0.10819930645093907,-4.658160880124286e-13,-0.011760935806777048,-0.005947878261338033,-1.2892151871139362e-13,15.101160717311155,-7.361721605028166,3.1999999999999993
33.800000000000004,17.25337543601787,-4.688061897033818,2.037218106950047,0.8560130856639218,1.2484211162042336,-0.49999999999924366,-0.08932723142469155,0.10696242125717928,-4.602453090506086e-13,-0.011678163497520834,-0.006184425968798934,2.785389480910013e-14,15.307587772559232,-7.1615470804425465,3.099999999999998
34.0,17.422776054083275,-4.436246985147988,1.9372181069501893,0.8379158227957264,1.269685203753285,-0.4999999999993337,-0.09164539725726187,0.10567845423333463,-4.4052973099299415e-13,-0.011590829162851571,-0.0064198351192232,9.857789028807225e-14,15.511452143663286,-6.956640884424294,3.0
34.2,17.588510978766276,-4.180205247339644,1.8372181069503137,0.8193567643793237,1.2906878141952571,-0.49999999999941985,-0.09394518690676527,0.10434765018638562,-4.209230787810019e-13,-0.011498948247517024,-0.006654020234745098,9.803326105996135e-14,15.712655097203346,-6.747034148152044,2.8999999999999986
34.4,17.75048822452032,-3.9199899140249204,1.7372181069504216,0.8003396762426824,1.311419606311699,-0.49999999999950023,-0.09622569445964771,0.10297027097803145,-3.8237889026583933e-13,-0.011402537764412147,-0.006886896041770801,1.927209425758129e-13,15.911098245860988,-6.532759953538732,2.8000000000000007
34.6,17.90861657705794,-3.6556560785130214,1.6372181069505143,0.7808685050249085,1.3318712929572802,-0.4999999999995737,-0.09848601771809128,0.10154659547778266,-3.521130660179624e-13,-0.011301616292217828,-0.007118377501243898,1.5132912123938477e-13,16.106683585607144,-6.3138533300301996,2.6999999999999993
34.800000000000004,18.0628056294366,-3.387260685851793,1.5372181069505926,0.7609473774018591,1.3520336444560865,-0.4999999999996403,-0.10072525851240137,0.10007691951027911,-3.140045808852885e-13,-0.011196203971550496,-0.0073483798375177534,1.9054242566336932e-13,16.299313532874418,-6.090351250712633,2.599999999999998
35.0,18.212965817983388,-3.1148625209951235,1.4372181069506584,0.7405805992493445,1.3718974919868396,-0.4999999999996997,-0.1029425230127448,0.09856155579725184,-2.799419128757242e-13,-0.011086322501717157,-0.007576818565136318,1.7031334004782175e-13,16.48889096170152,-5.862292627728332,2.5
35.2,18.359008458046155,-2.8385221962945004,1.3372181069507132,0.7197726547440597,1.391453730955939,-0.49999999999975236,-0.10513692204010211,0.09700083389374058,-2.465327999398929e-13,-0.010971995136786584,-0.007803609517556325,1.6704556467915638e-13,16.675319240837027,-5.629718306999965,2.3999999999999986
35.4,18.500845779558592,-2.558302138317273,1.237218106950758,0.6985282054024321,1.4106933243571622,-0.49999999999979805,-0.10730757137617346,0.09539510011849252,-2.1019825000735168e-13,-0.010853246680356763,-0.00802866887624029,1.8167274966270614e-13,16.85850227078989,-5.3926710622633065,2.3000000000000007
35.6,18.638390962406913,-2.274266573994399,1.1372181069507943,0.6768520890575888,1.4296073061169403,-0.49999999999983613,-0.1094535920722603,0.0937447174792887,-1.7053368136578954e-13,-0.0107301034804342,-0.008251913196019115,1.983228432078107e-13,17.038344520814135,-5.15119558840887,2.1999999999999993
35.800000000000004,18.771558171585752,-1.9864815161006744,1.0372181069508237,0.654749318774659,1.4481867844240588,-0.49999999999986905,-0.11157411075703777,0.09205006559189674,-1.588319333789497e-13,-0.010602593423887348,-0.008473259436959752,5.850873993419915e-14,17.214751065814916,-4.90533849413313,2.099999999999998
36.0,18.900262592130968,-1.695014748070676,0.937218106950847,0.6322250817046402,1.4664229450426658,-0.49999999999989797,-0.11366825994315019,0.09031154059417341,-1.304022876715609e-13,-0.010470745930562117,-0.008692624988616603,1.4214822853694396e-13,17.387627623163546,-4.655148293899995,2.0
36.2,19.024420463817105,-1.3999358081538598,0.837218106950865,0.6092847378770995,1.4843070546074983,-0.49999999999992156,-0.11573517833225704,0.08852955505415117,-1.0524041733283749e-13,-0.010334591945534216,-0.008909927700111234,1.2580935169361706e-13,17.556880589408678,-4.4006753992137195,1.8999999999999986
36.4,19.1439491156073,-1.1013159729124857,0.7372181069508786,0.5859338189319858,1.5018304639001958,-0.4999999999999405,-0.11777401111887927,0.0867045378728243,-8.389095159089035e-14,-0.010194163933111141,-0.009125085906634356,1.067473287097357e-13,17.722417076871064,-4.141972109204612,1.8000000000000007
36.6,19.258766999843495,-0.7992282400662678,0.637218106950889,0.562178026790843,1.5189846111055958,-0.4999999999999559,-0.11978391029254858,0.08483693418117365,-7.080428928113994e-14,-0.01004949586834656,-0.009338018458253272,6.543331154875199e-14,17.884144950109384,-3.8790926005287623,1.6999999999999993
36.800000000000004,19.36879372616484,-0.49374731068785194,0.5372181069508964,0.5380232322677478,1.5357610250469285,-0.499999999999969,-0.12176403493840363,0.0829272052321518,-6.020736058561079e-14,-0.009900623229275237,-0.009548644745109238,5.2984643477645776e-14,18.04197286224442,-3.6120929165839524,1.5999999999999979
37.0,19.4739500951423,-0.18494957075345975,0.4372181069509015,0.5134754736203107,1.5521513283988102,-0.49999999999997924,-0.12371355153596872,0.08097582828666625,-4.184557518072914e-14,-0.009747582987825448,-0.009756884727427778,9.180892702440825e-14,18.195810291129117,-3.341030956043309,1.5
37.2,19.574158131617505,0.12708692794675408,0.3372181069509049,0.4885409550410964,1.5681472408769197,-0.4999999999999871,-0.12563163425617369,0.07898329649442869,-3.7099520478619896e-14,-0.009590413601024842,-0.009962658961187826,2.37302735105462e-14,18.345567575351996,-3.065966460709162,1.3999999999999986
37.4,19.669341117733932,0.4422824875338599,0.23721810695090673,0.4632260450898371,1.583740582403305,-0.49999999999999395,-0.12751746525641913,0.0769501187694257,-3.0875186443066794e-14,-0.009429155001227187,-0.010165888625014913,3.112167017776551e-14,18.49115595006131,-2.786961002689528,1.3000000000000007
37.6,19.759423625648655,0.7605557843958454,0.13721810695090741,0.4375372750668381,1.5989232762462293,-0.4999999999999986,-0.1293702349735709,0.07487681965981664,-1.5625568055961693e-14,-0.009263848585758854,-0.010366495548045312,7.62480919355255e-14,18.63248758259764,-2.504077970899615,1.1999999999999993
37.800000000000004,19.84433154991294,1.081823890168641,0.037218106950907416,0.4114813373279917,1.613687352133491,-0.5000000000000011,-0.13118914241489293,0.07276393921279918,-9.183382329164234e-15,-0.009094537206610152,-0.010564402235087303,3.22109286339873e-14,18.769475607922374,-2.2173825568915873,1.0999999999999979
38.0,19.92399213951003,1.406002293337068,-0.06278189304909296,0.3850650835418316,1.6280249493381451,-0.5000000000000024,-0.13297339544670797,0.07061203283374395,-3.45699501645538e-15,-0.008921265159075119,-0.010759531895276129,2.863193656354427e-14,18.90203416382973,-1.9269417400154354,1.0
38.2,19.99833402953857,1.7330049214500833,-0.1627818930490935,0.3582955228890808,1.641928319735569,-0.5000000000000028,-0.13472221108080024,0.06842167114049391,5.975371363212304e-17,-0.008744078170461285,-0.010951808466250247,1.7583743650437514e-14,19.030078425930032,-1.63282427191427,0.8999999999999986
38.400000000000006,20.06728727253025,2.062744163944485,-0.2627818930490941,0.33117982020517,1.6553898308308386,-0.5000000000000034,-0.13643481575830751,0.0661934398122011,-6.320188672809807e-15,-0.00856302338753637,-0.011141156641464018,-3.1899711932209645e-14,19.153524642391858,-1.3351006603578612,0.7999999999999972
38.6,20.1307833693903,2.395130895571034,-0.3627818930490949,0.3037252940662172,1.6684019687553404,-0.5000000000000048,-0.13811044563122088,0.0639279394328168,-7.0826695921650615e-15,-0.008378149364566777,-0.011327501896921532,-3.812404596776275e-15,19.272290168430914,-1.03384315241781,0.6999999999999993
38.800000000000004,20.18875529994952,2.7300745004167393,-0.462781893049096,0.27593941481897255,1.6809573412316123,-0.5000000000000056,-0.13974834684122503,0.061625785329903204,-7.494097109897804e-16,-0.00818950605002072,-0.011510770514567961,3.1666299405876404e-14,19.386293500533462,-0.729125716988617,0.5999999999999979
39.0,20.24113755311679,3.0674828965168466,-0.5627818930490971,0.24782980255526738,1.6930486805053924,-0.5000000000000056,-0.1413477757958269,0.05928760740789804,9.155996435206746e-16,-0.007997144773009408,-0.011690889610025824,8.325046772552274e-15,19.495454310402103,-0.42102402665887123,0.5
39.2,20.287866156620954,3.407262561049874,-0.6627818930490982,0.21940422503150844,1.7046688462438295,-0.5000000000000047,-0.14290799944176236,0.05691404997647228,7.357785370318134e-15,-0.007801118229677276,-0.011867787157128815,3.22109286339873e-14,19.599693478612025,-0.10961543893670242,0.3999999999999986
39.400000000000006,20.32887870633113,3.749318556108819,-0.762781893049099,0.19067059553378232,1.71581082839887,-0.500000000000004,-0.14442829553549857,0.05450577157393273,-4.537538443010085e-16,-0.007601480468681081,-0.012041392012697763,-3.905769607309571e-14,19.698933127965592,0.20502102316544285,0.29999999999999716
39.6,20.364114395144675,4.093554555041483,-0.8627818930490998,0.16163697068915933,1.7264677500348213,-0.5000000000000038,-0.1459079529107311,0.05206344478557965,2.425000647142301e-15,-0.007398286876162705,-0.012211633941765379,1.4393772457216547e-14,19.79309665653351,0.5228046911821165,0.1999999999999993
39.800000000000004,20.393514041432077,4.439872869352636,-0.9627818930491007,0.1323115482237966,1.7366328701190978,-0.5000000000000043,-0.14734627174289613,0.04958775605718509,-8.000758862409146e-15,-0.007191594160825145,-0.012378443641972832,-5.212879754775723e-14,19.882108770370685,0.8436532718771946,0.09999999999999787
40.0,20.417020117028194,4.788174476160575,-1.0627818930491018,0.10270266466845697,1.746299586275175,-0.5000000000000047,-0.14874256381050013,0.04707940550358516,4.3701050332526435e-15,-0.006981460338019958,-0.012541752767999641,6.185431947830894e-14,19.965895515895063,1.1674828685516017,0.0
